,fgen,Vosc_0,Vosc_1,Vosc_2,Vosc_3,Vosc_4,Average
0,0.5,0.196,0.195,0.195,0.196,0.195,0.19539999999999996
1,5.5,1.95,1.95,1.95,1.95,1.95,1.95
2,10.5,3.73,3.73,3.73,3.73,3.73,3.7299999999999995
3,15.5,5.52,5.52,5.52,5.52,5.52,5.52
