,fgen,Vosc_0,Vosc_1,Vosc_2,Average
0,0.1,0.172,0.176,0.17,0.17266666666666666
1,4.1,0.166,0.172,0.172,0.17
2,8.1,0.174,0.175,0.164,0.17099999999999996
3,12.099999999999998,0.176,0.176,0.17,0.17400000000000002
4,16.099999999999998,0.177,0.173,0.175,0.17499999999999996
5,20.0,0.173,0.178,0.169,0.17333333333333334
