,fgen,Vosc_0,Vosc_1,Vosc_2,Vosc_3,Vosc_4,Average
0,0.1,0.0254,0.0244,0.0225,0.0247,0.0243,0.0247
1,5.1,0.024,0.0237,0.023,0.023,0.0251,0.023425
2,10.1,0.0247,0.0245,0.0239,0.0242,0.0239,0.02424
3,15.1,0.0243,0.0245,0.0247,0.0244,0.0257,0.024475
