,fgen,Vosc_0,Vosc_1,Vosc_2,Average
0,1.0,0.0291,0.0271,0.0288,0.028333333333333332
1,3.0,0.0289,0.0305,0.0302,0.029866666666666666
2,5.0,0.0308,0.0294,0.0324,0.030866666666666667
3,7.0,0.0303,0.0297,0.0307,0.030233333333333334
4,9.0,0.0303,0.0302,0.0309,0.030466666666666666
5,11.0,0.0308,0.0303,0.0296,0.030233333333333334
6,13.0,0.0291,0.0304,0.0304,0.029966666666666666
7,15.0,0.0304,0.0285,0.0295,0.029466666666666665
