,fgen,Vosc_0,Vosc_1,Vosc_2,Vosc_3,Vosc_4,Average
0,0.5,0.0739,0.0719,0.074,0.075,0.074,0.07396666666666667
1,5.5,0.075,0.0729,0.0742,0.0733,0.0713,0.07385
2,10.5,0.0755,0.0752,0.0734,0.0736,0.0744,0.07442000000000001
3,15.5,0.0745,0.0748,0.0745,0.0725,0.074,0.07444999999999999
