,fgen,Vosc_0,Vosc_1,Vosc_2,Vosc_3,Vosc_4,Average
0,0.5,0.2,0.198,0.198,0.198,0.199,0.19825000000000004
1,5.5,1.95,1.95,1.95,1.95,1.95,1.95
2,10.5,3.74,3.74,3.74,3.74,3.74,3.7400000000000007
3,15.5,5.53,5.52,5.53,5.52,5.53,5.526000000000001
